<?xml version="1.0" encoding="UTF-8"?>
<config xmlns="http://www.sourceid.org/2004/05/config">
    <!-- Dsig keystore information: name and password -->
    <item name="DsigKeystoreName">ping-dsig.jks</item>
    <item name="DsigKeystorePassword"></item>
    <!-- Do not modify -->
    <item name="DsigKeystoreType2">default</item>
    <!-- Map of Dsig keystore aliases to passwords; the system uses this map
     to open private keys for generating signatures, X509
     authentication, etc. For each item, the name of the item maps
     to the alias of a private key, and the value of the item is the
     password to that particular key. -->
    <map name="DsigPrivateKeyPasswords">
    </map>
    
    <!--DSIG HSM Keystore information: name and password-->
    <item name="DsigHSMKeystoreName">ping-dsig.hsmks</item>
    <item name="DsigHSMKeystorePassword"></item>
    <item name="DsigHSMKeystoreType2">default</item>
    <!--Map of Dsig keystore aliases to passwords; the system uses this map
     to open private keys for generating signatures, X509
     authentication, etc. For each item, the name of the item maps
     to the alias of a private key and the value of the item is the
     password to that particular key-->
    <map name="DsigHSMPrivateKeyPasswords">
    </map>
    
    <!-- SSL Keystore information: name and password -->
    <item name="SslKeystoreName">ping-ssl.jks</item>
    <item name="SslKeystorePassword"></item>
    <!-- Do not modify -->
    <item name="SslKeystoreType2">default</item>
    <!-- Map of SSL client auth keystore aliases to passwords; the system uses this map
     to open private keys for generating signatures, X509
     authentication, etc. For each item, the name of the item maps
     to the alias of a private key and the value of the item is the
     password to that particular key -->
    <map name="SslPrivateKeyPasswords">
    </map>
    
    <!-- SSL HSM Keystore information: name and password -->
    <item name="SslHSMKeystoreName">ping-ssl.hsmks</item>
    <item name="SslHSMKeystorePassword"></item>
    <!-- Do not modify -->
    <item name="SslHSMKeystoreType2">default</item>
    <!-- Map of SSL client auth keystore aliases to passwords; the system uses this map
     to open private keys for generating signatures, X509
     authentication, etc. For each item, the name of the item maps
     to the alias of a private key and the value of the item is the
     password to that particular key -->
    <map name="SslHSMPrivateKeyPasswords">
    </map>
    
    <!-- SSL Server Keystore information: name and password -->
    <item name="SslServerKeystoreName">ping-ssl-server.jks</item>
    <item name="SslServerKeystorePassword"></item>
    <!-- Do not modify -->
    <item name="SslServerKeystoreType2">default</item>
    <!-- Map of SSL Server keystore aliases to passwords; the system uses this map
         to open private keys for generating signatures, X509
         authentication, etc. For each item, the name of the item maps
         to the alias of a private key and the value of the item is the
         password to that particular key -->
    <map name="SslServerPrivateKeyPasswords">
    </map>
    
    <!-- SSL HSM Server Keystore information: name and password -->
    <item name="SslServerHSMKeystoreName">ping-ssl-server.hsmks</item>
    <item name="SslServerHSMKeystorePassword"></item>
    <!-- Do not modify -->
    <item name="SslServerHSMKeystoreType2">default</item>
    <!-- Map of SSL Server keystore aliases to passwords; the system uses this map
         to open private keys for generating signatures, X509
         authentication, etc. For each item, the name of the item maps
         to the alias of a private key and the value of the item is the
         password to that particular key -->
    <map name="SslServerHSMPrivateKeyPasswords">
    </map>
    
    <!-- Truststore Keystore information: name and password -->
    <item name="TrustKeystoreName">ping-trust.jks</item>
    <item name="TrustKeystorePassword"></item>
    <!-- You can specify a key store type here. Available keystore types are
          JKS     - Java Keystore
          nCipher.sworld - nCipher keystore
          LunaMP  - Luna keystore. It is available only when Luna HSM is used
          default - let the system select a keystore type for you. For Luna HSM 4, LunaMP is used and version 5 will use JKS.
                    For nCipher, nCipher.sworld is used. Otherwise, JKS is used -->
    <item name="TrustKeystoreType2">default</item>
    
    <!-- Truststore HSM Keystore information: name and password -->
    <item name="TrustHSMKeystoreName">ping-trust.hsmks</item>
    <item name="TrustHSMKeystorePassword"></item>
    <!-- You can specify a key store type here. Available keystore types are
          JKS     - Java Keystore
          nCipher.sworld - nCipher keystore
          LunaMP  - Luna keystore. It is available only when Luna HSM is used
          default - let the system select a keystore type for you. For Luna HSM 4, LunaMP is used and version 5 will use JKS.
                    For nCipher, nCipher.sworld is used. Otherwise, JKS is used -->
    <item name="TrustHSMKeystoreType2">default</item>

    <!-- General keystore information: name and password -->
    <item name="GeneralKeystoreName">ping-general.jks</item>
    <item name="GeneralKeystorePassword"></item>
    <!-- Do not modify -->
    <item name="GeneralKeystoreType2">default</item>
    <!-- Map of General keystore aliases to passwords; the system uses this map
     to open private keys for generating signatures, X509
     authentication, etc. For each item, the name of the item maps
     to the alias of a private key, and the value of the item is the
     password to that particular key. -->
    <map name="GeneralPrivateKeyPasswords">
    </map>
    
    <!-- General HSM keystore information: name and password -->
    <item name="GeneralHSMKeystoreName">ping-general.hsmks</item>
    <item name="GeneralHSMKeystorePassword"></item>
    <!-- Do not modify -->
    <item name="GeneralHSMKeystoreType2">default</item>
    <!-- Map of General keystore aliases to passwords; the system uses this map
     to open private keys for generating signatures, X509
     authentication, etc. For each item, the name of the item maps
     to the alias of a private key, and the value of the item is the
     password to that particular key. -->
    <map name="GeneralHSMPrivateKeyPasswords">
    </map>
    
    
</config>
